ho_va_ten,neo4j_id
Young-Koo Lee,159
Sungyoung Lee,160
Byeong-Soo Jeong,161
Guanghu Shen,162
Ho-Youl Jung,163
Hyun-Yeol Chung,164
Bùi Đức Dương,165
Brian J. d'Auriol,166
Tuyen Nguyen,167
Guangho Shen,168
Jae-Won Cho,169
Ju Hyun Park,170
Nguyen Xuan Huy,171
Ju H. Park,172
Nguyễn Xuân Đạt,173
Hàng Nguyên Huy,174
Hoa V. Dinh,175
Đỗ Minh Tuấn,176
Vu Anh,177
The Hien Pham,178
Hyun Yeol Chung,179
Suk Nam Choi,180
Nguyễn Hoài Nam,181
Văn Thế Thành,182
Nguyễn Đình Ái,183
Nguyen Hung Quoc,184
Bui Van Dinh,185
Le Dung Muu,187
Thanh Le Hoang,188
Huynh Minh Tri,189
Đặng Thúy Bình,190
Ly T. H. Nguyen,191
Cuong Q. Nguyen,192
Le Huu Binh,193
Tu T. Vo,194
Nguyễn Quốc Cường,196
Lê Hữu Bình,197
Võ Thanh Tú,198
Vu Viet VU,199
Byeongnam Yoon,200
Đỗ Văn Tuấn,201
Lê Văn Hảo,203
"Hossain, M.D.",204
"Lee, G.-W.",205
"Huh, E.-N.",206
T. D. T. Nguyen,207
V. Nguyen,208
L. N. T. Huynh,209
M. D. Hossain,210
E. -N. Huh,211
"Nguyen, V.",212
"Nguyen, T.D.T.",213
"Huh, EN.",214
